-- phpMyAdmin SQL Dump
-- version 4.6.5.2
-- https://www.phpmyadmin.net/
--
-- Client :  localhost
-- Généré le :  Mer 22 Mars 2017 à 22:33
-- Version du serveur :  10.1.21-MariaDB
-- Version de PHP :  5.6.30

SET SQL_MODE = "NO_AUTO_VALUE_ON_ZERO";
SET time_zone = "+00:00";


/*!40101 SET @OLD_CHARACTER_SET_CLIENT=@@CHARACTER_SET_CLIENT */;
/*!40101 SET @OLD_CHARACTER_SET_RESULTS=@@CHARACTER_SET_RESULTS */;
/*!40101 SET @OLD_COLLATION_CONNECTION=@@COLLATION_CONNECTION */;
/*!40101 SET NAMES utf8mb4 */;

--
-- Base de données :  `zoe`
--

-- --------------------------------------------------------

--
-- Structure de la table `adherant`
--

CREATE TABLE `adherant` (
  `adherant_id` int(11) NOT NULL,
  `adherant_matricule` varchar(150) NOT NULL,
  `adherant_nom` varchar(150) NOT NULL,
  `adherant_prenom` varchar(150) NOT NULL,
  `commune_id` int(11) NOT NULL,
  `adherant_quartier` varchar(150) DEFAULT NULL,
  `adherant_telephone_1` varchar(20) DEFAULT NULL,
  `adherant_telephone_2` varchar(20) DEFAULT NULL,
  `adherant_telephone_3` varchar(20) DEFAULT NULL,
  `adherant_email` varchar(150) DEFAULT NULL,
  `adherant_profession` varchar(150) DEFAULT NULL,
  `adherant_birthday` date DEFAULT NULL,
  `adherant_ethnie` varchar(150) DEFAULT NULL,
  `situation_matrimoniale_id` int(11) DEFAULT NULL,
  `adherant_sexe` varchar(20) DEFAULT NULL,
  `adherant_photo` varchar(250) DEFAULT NULL,
  `photo_id` int(11) DEFAULT NULL,
  `salle_id` int(11) DEFAULT NULL,
  `famille_id` int(11) DEFAULT NULL,
  `adherant_created_at` datetime NOT NULL
) ENGINE=InnoDB DEFAULT CHARSET=utf8;

--
-- Contenu de la table `adherant`
--

INSERT INTO `adherant` (`adherant_id`, `adherant_matricule`, `adherant_nom`, `adherant_prenom`, `commune_id`, `adherant_quartier`, `adherant_telephone_1`, `adherant_telephone_2`, `adherant_telephone_3`, `adherant_email`, `adherant_profession`, `adherant_birthday`, `adherant_ethnie`, `situation_matrimoniale_id`, `adherant_sexe`, `adherant_photo`, `photo_id`, `salle_id`, `famille_id`, `adherant_created_at`) VALUES
(2274, 'zoe-10012017-1', 'EFFIBE', 'Victoire', 1, NULL, '40308477', NULL, NULL, NULL, NULL, NULL, NULL, 1, NULL, NULL, NULL, NULL, 0, '2017-01-10 18:30:52'),
(2275, 'zoe-10012017-2275', 'ABLE', '', 1, NULL, '2836425', NULL, NULL, NULL, NULL, NULL, NULL, 1, NULL, NULL, NULL, NULL, 0, '2017-01-10 18:30:52'),
(2276, 'zoe-10012017-2276', 'ABLE', 'Antoinette', 1, NULL, '3331096', NULL, NULL, NULL, NULL, NULL, NULL, 1, NULL, NULL, NULL, NULL, 0, '2017-01-10 18:30:52'),
(2277, 'zoe-10012017-2277', 'SOUMAHIEN', 'Affla bernadette', 1, NULL, '2979107', NULL, NULL, NULL, NULL, NULL, NULL, 1, NULL, NULL, NULL, NULL, 0, '2017-01-10 18:30:52'),
(2278, 'zoe-10012017-2278', 'MABIE', 'Amon Sylvie', 1, NULL, '1286992', NULL, NULL, NULL, NULL, NULL, NULL, 1, NULL, NULL, NULL, NULL, 0, '2017-01-10 18:30:52'),
(2279, 'zoe-10012017-2279', 'KOUAME', 'Bernadette', 1, NULL, '45967395-03332650', NULL, NULL, NULL, NULL, NULL, NULL, 1, NULL, NULL, NULL, NULL, 0, '2017-01-10 18:30:53'),
(2280, 'zoe-10012017-2280', 'MABIE', 'Ocromi Glwadis', 1, NULL, '3943946', NULL, NULL, NULL, NULL, NULL, NULL, 1, NULL, NULL, NULL, NULL, 0, '2017-01-10 18:30:53'),
(2281, 'zoe-10012017-2281', 'BINSIRI', 'Ediheh Marie-Jeanne', 1, NULL, '', NULL, NULL, NULL, NULL, NULL, NULL, 1, NULL, NULL, NULL, NULL, 0, '2017-01-10 18:30:53'),
(2282, 'zoe-10012017-2282', 'KOUAME', 'Ableman Chantal', 1, NULL, '2272972', NULL, NULL, NULL, NULL, NULL, NULL, 1, NULL, NULL, NULL, NULL, 0, '2017-01-10 18:30:53'),
(2283, 'zoe-10012017-2283', 'BINSIRI', 'Amelan Ivanne', 1, NULL, '', NULL, NULL, NULL, NULL, NULL, NULL, 1, NULL, NULL, NULL, NULL, 0, '2017-01-10 18:30:53'),
(2284, 'zoe-10012017-2284', 'ESSOH', 'Nome Micheline', 1, NULL, '41479909', NULL, NULL, NULL, NULL, NULL, NULL, 1, NULL, NULL, NULL, NULL, 0, '2017-01-10 18:30:53'),
(2285, 'zoe-10012017-2285', 'YEDO', 'Nome Catherine', 1, NULL, '3172216', NULL, NULL, NULL, NULL, NULL, NULL, 1, NULL, NULL, NULL, NULL, 0, '2017-01-10 18:30:53'),
(2286, 'zoe-10012017-2286', 'AKPES', 'Nina Clarice', 1, NULL, '2263907', NULL, NULL, NULL, NULL, NULL, NULL, 1, NULL, NULL, NULL, NULL, 0, '2017-01-10 18:30:53'),
(2287, 'zoe-10012017-2287', 'AGNIMEL ', 'Claudia', 1, NULL, '6130912', NULL, NULL, NULL, NULL, NULL, NULL, 1, NULL, NULL, NULL, NULL, 0, '2017-01-10 18:30:53'),
(2288, 'zoe-10012017-2288', 'AKPA', 'Nee Gnamba Kock', 1, NULL, '3157547', NULL, NULL, NULL, NULL, NULL, NULL, 1, NULL, NULL, NULL, NULL, 0, '2017-01-10 18:30:53'),
(2289, 'zoe-10012017-2289', 'AKPES', 'Angela', 1, NULL, '5452084', NULL, NULL, NULL, NULL, NULL, NULL, 1, NULL, NULL, NULL, NULL, 0, '2017-01-10 18:30:53'),
(2290, 'zoe-10012017-2290', 'AKPA', 'Akpes Elisabeth', 1, NULL, '48158054', NULL, NULL, NULL, NULL, NULL, NULL, 1, NULL, NULL, NULL, NULL, 0, '2017-01-10 18:30:53'),
(2291, 'zoe-10012017-2291', 'AKPES', 'Blandine', 1, NULL, '8825471', NULL, NULL, NULL, NULL, NULL, NULL, 1, NULL, NULL, NULL, NULL, 0, '2017-01-10 18:30:53'),
(2292, 'zoe-10012017-2292', 'MELEDJE', 'Sarah', 1, NULL, '2263907', NULL, NULL, NULL, NULL, NULL, NULL, 1, NULL, NULL, NULL, NULL, 0, '2017-01-10 18:30:53'),
(2293, 'zoe-10012017-2293', 'GNAMBA', 'Jeanne', 1, NULL, '47759432', NULL, NULL, NULL, NULL, NULL, NULL, 1, NULL, NULL, NULL, NULL, 0, '2017-01-10 18:30:53'),
(2294, 'zoe-10012017-2294', 'BLE', 'Bossoua Beatrice', 1, NULL, '7336259', NULL, NULL, NULL, NULL, NULL, NULL, 1, NULL, NULL, NULL, NULL, 0, '2017-01-10 18:30:53'),
(2295, 'zoe-10012017-2295', 'GNAHI', 'Koutouan Felicité', 1, NULL, '5564620', NULL, NULL, NULL, NULL, NULL, NULL, 1, NULL, NULL, NULL, NULL, 0, '2017-01-10 18:30:53'),
(2296, 'zoe-10012017-2296', 'KOUDOU', 'Simeon', 1, NULL, '5341586', NULL, NULL, NULL, NULL, NULL, NULL, 1, NULL, NULL, NULL, NULL, 0, '2017-01-10 18:30:53'),
(2297, 'zoe-10012017-2297', 'AKA', 'Ani Elisabeth', 1, NULL, '8761734', NULL, NULL, NULL, NULL, NULL, NULL, 1, NULL, NULL, NULL, NULL, 0, '2017-01-10 18:30:53'),
(2298, 'zoe-10012017-2298', 'KOUAMELAN', 'Christian Assemien Hyppolite', 1, NULL, '01580330-58877989', NULL, NULL, NULL, NULL, NULL, NULL, 1, NULL, NULL, NULL, NULL, 0, '2017-01-10 18:30:53'),
(2299, 'zoe-10012017-2299', 'N\'TA ', 'Kouame Jean-Joel', 1, NULL, '01078804-79272718', NULL, NULL, NULL, NULL, NULL, NULL, 1, NULL, NULL, NULL, NULL, 0, '2017-01-10 18:30:53'),
(2300, 'zoe-10012017-2300', 'AMANGOUA', 'Kouassi Prince', 1, NULL, '41542584', NULL, NULL, NULL, NULL, NULL, NULL, 1, NULL, NULL, NULL, NULL, 0, '2017-01-10 18:30:54'),
(2301, 'zoe-10012017-2301', 'BONI', 'Marcel', 1, NULL, '', NULL, NULL, NULL, NULL, NULL, NULL, 1, NULL, NULL, NULL, NULL, 0, '2017-01-10 18:30:54'),
(2302, 'zoe-10012017-2302', 'N\'TA ', 'Ephrem Isaac', 1, NULL, '02227814-89546517', NULL, NULL, NULL, NULL, NULL, NULL, 1, NULL, NULL, NULL, NULL, 0, '2017-01-10 18:30:54'),
(2303, 'zoe-10012017-2303', 'BONI', 'Philipe Saint Noe', 1, NULL, '40535610', NULL, NULL, NULL, NULL, NULL, NULL, 1, NULL, NULL, NULL, NULL, 0, '2017-01-10 18:30:54'),
(2304, 'zoe-10012017-2304', 'GNANGORAN', 'N\'guessan', 1, NULL, '7195744', NULL, NULL, NULL, NULL, NULL, NULL, 1, NULL, NULL, NULL, NULL, 0, '2017-01-10 18:30:54'),
(2305, 'zoe-10012017-2305', 'MINTIN', 'Jacques Armand', 1, NULL, '7191461', NULL, NULL, NULL, NULL, NULL, NULL, 1, NULL, NULL, NULL, NULL, 0, '2017-01-10 18:30:54'),
(2306, 'zoe-10012017-2306', 'FAN', 'arnol', 1, NULL, '41191461', NULL, NULL, NULL, NULL, NULL, NULL, 1, NULL, NULL, NULL, NULL, 0, '2017-01-10 18:30:54'),
(2307, 'zoe-10012017-2307', 'BAMBA', 'Moise', 1, NULL, '42059008', NULL, NULL, NULL, NULL, NULL, NULL, 1, NULL, NULL, NULL, NULL, 0, '2017-01-10 18:30:54'),
(2308, 'zoe-10012017-2308', 'KOUYO', 'STEPHANE', 1, NULL, '3599008', NULL, NULL, NULL, NULL, NULL, NULL, 1, NULL, NULL, NULL, NULL, 0, '2017-01-10 18:30:54'),
(2309, 'zoe-10012017-2309', 'WOGNIN', 'attouoh', 1, NULL, '', NULL, NULL, NULL, NULL, NULL, NULL, 1, NULL, NULL, NULL, NULL, 0, '2017-01-10 18:30:54'),
(2310, 'zoe-10012017-2310', 'TCHINAN', 'Avle estelle', 1, NULL, '', NULL, NULL, NULL, NULL, NULL, NULL, 1, NULL, NULL, NULL, NULL, 0, '2017-01-10 18:30:54'),
(2311, 'zoe-10012017-2311', 'KACOU', 'ABA Antoinette', 1, NULL, '41879583', NULL, NULL, NULL, NULL, NULL, NULL, 1, NULL, NULL, NULL, NULL, 0, '2017-01-10 18:30:54'),
(2312, 'zoe-10012017-2312', 'APO', 'Beatrice', 1, NULL, '9077243', NULL, NULL, NULL, NULL, NULL, NULL, 1, NULL, NULL, NULL, NULL, 0, '2017-01-10 18:30:54'),
(2313, 'zoe-10012017-2313', 'KADJO', 'Deborah Sandrine', 1, NULL, '', NULL, NULL, NULL, NULL, NULL, NULL, 1, NULL, NULL, NULL, NULL, 0, '2017-01-10 18:30:54'),
(2314, 'zoe-10012017-2314', 'ADOUKO', 'Soba', 1, NULL, '40985936', NULL, NULL, NULL, NULL, NULL, NULL, 1, NULL, NULL, NULL, NULL, 0, '2017-01-10 18:30:54'),
(2315, 'zoe-10012017-2315', 'ADOUKO', 'Jeanne', 1, NULL, '58403371', NULL, NULL, NULL, NULL, NULL, NULL, 1, NULL, NULL, NULL, NULL, 0, '2017-01-10 18:30:54'),
(2316, 'zoe-10012017-2316', 'KOUASSI', 'Chantal', 1, NULL, '3696214', NULL, NULL, NULL, NULL, NULL, NULL, 1, NULL, NULL, NULL, NULL, 0, '2017-01-10 18:30:54'),
(2317, 'zoe-10012017-2317', 'KOUAMELAN', 'Monique', 1, NULL, '', NULL, NULL, NULL, NULL, NULL, NULL, 1, NULL, NULL, NULL, NULL, 0, '2017-01-10 18:30:54'),
(2318, 'zoe-10012017-2318', 'KOUASSI', 'Verorique', 1, NULL, '', NULL, NULL, NULL, NULL, NULL, NULL, 1, NULL, NULL, NULL, NULL, 0, '2017-01-10 18:30:54'),
(2319, 'zoe-10012017-2319', 'ACKA', 'Judith', 1, NULL, '44486107-58657846', NULL, NULL, NULL, NULL, NULL, NULL, 1, NULL, NULL, NULL, NULL, 0, '2017-01-10 18:30:54'),
(2320, 'zoe-10012017-2320', 'KISSI', 'Laurent', 1, NULL, '47523080', NULL, NULL, NULL, NULL, NULL, NULL, 1, NULL, NULL, NULL, NULL, 0, '2017-01-10 18:30:55'),
(2321, 'zoe-10012017-2321', 'AKA', 'Oli Emmanuel', 1, NULL, '2364783', NULL, NULL, NULL, NULL, NULL, NULL, 1, NULL, NULL, NULL, NULL, 0, '2017-01-10 18:30:55'),
(2322, 'zoe-10012017-2322', 'TOURE', 'Edith Amanan', 1, NULL, '9680800', NULL, NULL, NULL, NULL, NULL, NULL, 1, NULL, NULL, NULL, NULL, 0, '2017-01-10 18:30:55'),
(2323, 'zoe-10012017-2323', 'GAZE', 'N\'guessan Fabrice', 1, NULL, '55723155', NULL, NULL, NULL, NULL, NULL, NULL, 1, NULL, NULL, NULL, NULL, 0, '2017-01-10 18:30:55'),
(2324, 'zoe-10012017-2324', 'OUMUN', 'Maniasse', 1, NULL, '08011579-41789080', NULL, NULL, NULL, NULL, NULL, NULL, 1, NULL, NULL, NULL, NULL, 0, '2017-01-10 18:30:55'),
(2325, 'zoe-10012017-2325', 'ATCHELE', 'Laurent', 1, NULL, '41942535', NULL, NULL, NULL, NULL, NULL, NULL, 1, NULL, NULL, NULL, NULL, 0, '2017-01-10 18:30:55'),
(2326, 'zoe-10012017-2326', 'ADICO', 'Aka Francois', 1, NULL, '4425372', NULL, NULL, NULL, NULL, NULL, NULL, 1, NULL, NULL, NULL, NULL, 0, '2017-01-10 18:30:55'),
(2327, 'zoe-10012017-2327', 'GNOMAN', 'Justin', 1, NULL, '46643849', NULL, NULL, NULL, NULL, NULL, NULL, 1, NULL, NULL, NULL, NULL, 0, '2017-01-10 18:30:55'),
(2328, 'zoe-10012017-2328', 'KOUAME', 'Francoise', 1, NULL, '9300640', NULL, NULL, NULL, NULL, NULL, NULL, 1, NULL, NULL, NULL, NULL, 0, '2017-01-10 18:30:55'),
(2329, 'zoe-10012017-2329', 'WOGNIN', 'Kadjo Jn', 1, NULL, '2228100', NULL, NULL, NULL, NULL, NULL, NULL, 1, NULL, NULL, NULL, NULL, 0, '2017-01-10 18:30:55'),
(2330, 'zoe-10012017-2330', 'ASSEMAN ', 'Emmanuel', 1, NULL, '8862872', NULL, NULL, NULL, NULL, NULL, NULL, 1, NULL, NULL, NULL, NULL, 0, '2017-01-10 18:30:55'),
(2331, 'zoe-10012017-2331', 'N\'GUESSAN', 'Noba Wilfried', 1, NULL, '', NULL, NULL, NULL, NULL, NULL, NULL, 1, NULL, NULL, NULL, NULL, 0, '2017-01-10 18:30:55'),
(2332, 'zoe-10012017-2332', 'SEHR', 'Leonard', 1, NULL, '5051376', NULL, NULL, NULL, NULL, NULL, NULL, 1, NULL, NULL, NULL, NULL, 0, '2017-01-10 18:30:55'),
(2333, 'zoe-10012017-2333', 'ADJE', 'Celestin', 1, NULL, '8949701', NULL, NULL, NULL, NULL, NULL, NULL, 1, NULL, NULL, NULL, NULL, 0, '2017-01-10 18:30:55'),
(2334, 'zoe-10012017-2334', 'AHOURE', 'Yannick', 1, NULL, '8705863', NULL, NULL, NULL, NULL, NULL, NULL, 1, NULL, NULL, NULL, NULL, 0, '2017-01-10 18:30:55'),
(2335, 'zoe-10012017-2335', 'ESSOH', 'Nomel Deire', 1, NULL, '08331733-40512849', NULL, NULL, NULL, NULL, NULL, NULL, 1, NULL, NULL, NULL, NULL, 0, '2017-01-10 18:30:55'),
(2336, 'zoe-10012017-2336', 'DJADJI', 'Sery Jc', 1, NULL, '48686960', NULL, NULL, NULL, NULL, NULL, NULL, 1, NULL, NULL, NULL, NULL, 0, '2017-01-10 18:30:55'),
(2337, 'zoe-10012017-2337', 'VANGAH', 'Bony Marcel Ade', 1, NULL, '47740706-03304909', NULL, NULL, NULL, NULL, NULL, NULL, 1, NULL, NULL, NULL, NULL, 0, '2017-01-10 18:30:55'),
(2338, 'zoe-10012017-2338', 'KOUAME', 'Foko Soumaila', 1, NULL, '48574816', NULL, NULL, NULL, NULL, NULL, NULL, 1, NULL, NULL, NULL, NULL, 0, '2017-01-10 18:30:55'),
(2339, 'zoe-10012017-2339', 'SANGA', 'Odilon', 1, NULL, '3008921', NULL, NULL, NULL, NULL, NULL, NULL, 1, NULL, NULL, NULL, NULL, 0, '2017-01-10 18:30:55'),
(2340, 'zoe-10012017-2340', 'KADJO', 'Raphael', 1, NULL, '40768132', NULL, NULL, NULL, NULL, NULL, NULL, 1, NULL, NULL, NULL, NULL, 0, '2017-01-10 18:30:55'),
(2341, 'zoe-10012017-2341', 'KADJO', 'Antaih E Noura', 1, NULL, '', NULL, NULL, NULL, NULL, NULL, NULL, 1, NULL, NULL, NULL, NULL, 0, '2017-01-10 18:30:55'),
(2342, 'zoe-10012017-2342', 'KOUASSI', 'Aya Rose', 1, NULL, '', NULL, NULL, NULL, NULL, NULL, NULL, 1, NULL, NULL, NULL, NULL, 0, '2017-01-10 18:30:56'),
(2343, 'zoe-10012017-2343', 'KADJO', 'Max Armand', 1, NULL, '', NULL, NULL, NULL, NULL, NULL, NULL, 1, NULL, NULL, NULL, NULL, 0, '2017-01-10 18:30:56'),
(2344, 'zoe-10012017-2344', 'KADJO', 'Ivan Boris', 1, NULL, '', NULL, NULL, NULL, NULL, NULL, NULL, 1, NULL, NULL, NULL, NULL, 0, '2017-01-10 18:30:56'),
(2345, 'zoe-10012017-2345', 'KATCHE', 'B Michel', 1, NULL, '1481822', NULL, NULL, NULL, NULL, NULL, NULL, 1, NULL, NULL, NULL, NULL, 0, '2017-01-10 18:30:56'),
(2346, 'zoe-10012017-2346', 'KASSI', 'Koume Felix', 1, NULL, '0213310-19334756', NULL, NULL, NULL, NULL, NULL, NULL, 1, NULL, NULL, NULL, NULL, 0, '2017-01-10 18:30:56'),
(2347, 'zoe-10012017-2347', 'MESSOU', 'Kouao Jean-Louis', 1, NULL, '58620103', NULL, NULL, NULL, NULL, NULL, NULL, 1, NULL, NULL, NULL, NULL, 0, '2017-01-10 18:30:56'),
(2348, 'zoe-10012017-2348', 'ASSEMAN ', 'Laurent', 1, NULL, '7368559', NULL, NULL, NULL, NULL, NULL, NULL, 1, NULL, NULL, NULL, NULL, 0, '2017-01-10 18:30:56'),
(2349, 'zoe-10012017-2349', 'GANADOU', 'Hilaky Didier', 1, NULL, '47243133', NULL, NULL, NULL, NULL, NULL, NULL, 1, NULL, NULL, NULL, NULL, 0, '2017-01-10 18:30:56'),
(2350, 'zoe-10012017-2350', 'Yyedess', 'Yedoh Fabrice', 1, NULL, '2825125', NULL, NULL, NULL, NULL, NULL, NULL, 1, NULL, NULL, NULL, NULL, 0, '2017-01-10 18:30:56'),
(2351, 'zoe-10012017-2351', 'AKPA', 'Gnagne Pierre', 1, NULL, '04592853-01470186', NULL, NULL, NULL, NULL, NULL, NULL, 1, NULL, NULL, NULL, NULL, 0, '2017-01-10 18:30:56'),
(2352, 'zoe-10012017-2352', 'EHOU', 'N\'zian', 1, NULL, '6597317', NULL, NULL, NULL, NULL, NULL, NULL, 1, NULL, NULL, NULL, NULL, 0, '2017-01-10 18:30:56'),
(2353, 'zoe-10012017-2353', 'MOH', 'Ulrich Timothee', 1, NULL, '8864217', NULL, NULL, NULL, NULL, NULL, NULL, 1, NULL, NULL, NULL, NULL, 0, '2017-01-10 18:30:56'),
(2354, 'zoe-10012017-2354', 'YAPI', 'Emmanuel', 1, NULL, '45975771', NULL, NULL, NULL, NULL, NULL, NULL, 1, NULL, NULL, NULL, NULL, 0, '2017-01-10 18:30:56'),
(2355, 'zoe-10012017-2355', 'DJETOUAN', 'Loics Axel', 1, NULL, '', NULL, NULL, NULL, NULL, NULL, NULL, 1, NULL, NULL, NULL, NULL, 0, '2017-01-10 18:30:56'),
(2356, 'zoe-10012017-2356', 'ABOU', 'Adonis', 1, NULL, '40061275', NULL, NULL, NULL, NULL, NULL, NULL, 1, NULL, NULL, NULL, NULL, 0, '2017-01-10 18:30:56'),
(2357, 'zoe-10012017-2357', 'KADJO', 'Amangoua Vincent', 1, NULL, '3519211', NULL, NULL, NULL, NULL, NULL, NULL, 1, NULL, NULL, NULL, NULL, 0, '2017-01-10 18:30:56'),
(2358, 'zoe-10012017-2358', 'ADJE ', 'Orouba Beaufils', 1, NULL, '45253271', NULL, NULL, NULL, NULL, NULL, NULL, 1, NULL, NULL, NULL, NULL, 0, '2017-01-10 18:30:56'),
(2359, 'zoe-10012017-2359', 'TANOH', 'Bissie Felix', 1, NULL, '7459368', NULL, NULL, NULL, NULL, NULL, NULL, 1, NULL, NULL, NULL, NULL, 0, '2017-01-10 18:30:56'),
(2360, 'zoe-10012017-2360', 'TANOH', 'Adjobi Blaise', 1, NULL, '2237207', NULL, NULL, NULL, NULL, NULL, NULL, 1, NULL, NULL, NULL, NULL, 0, '2017-01-10 18:30:56'),
(2361, 'zoe-10012017-2361', 'AHOUSSI', 'Remie Atteke', 1, NULL, '8609123', NULL, NULL, NULL, NULL, NULL, NULL, 1, NULL, NULL, NULL, NULL, 0, '2017-01-10 18:30:56'),
(2362, 'zoe-10012017-2362', 'ASSOUAN', 'Bernabe', 1, NULL, '49432055', NULL, NULL, NULL, NULL, NULL, NULL, 1, NULL, NULL, NULL, NULL, 0, '2017-01-10 18:30:56'),
(2363, 'zoe-10012017-2363', 'N\'GUESSAN', 'Casimir', 1, NULL, '6362921', NULL, NULL, NULL, NULL, NULL, NULL, 1, NULL, NULL, NULL, NULL, 0, '2017-01-10 18:30:56'),
(2364, 'zoe-10012017-2364', 'OTCHOUMOU', 'Aka Simon', 1, NULL, '58325938', NULL, NULL, NULL, NULL, NULL, NULL, 1, NULL, NULL, NULL, NULL, 0, '2017-01-10 18:30:57'),
(2365, 'zoe-10012017-2365', 'AKESSE', 'Christin', 1, NULL, '5102284', NULL, NULL, NULL, NULL, NULL, NULL, 1, NULL, NULL, NULL, NULL, 0, '2017-01-10 18:30:57'),
(2366, 'zoe-10012017-2366', 'ORI', 'Offo Aye Angele', 1, NULL, '', NULL, NULL, NULL, NULL, NULL, NULL, 1, NULL, NULL, NULL, NULL, 0, '2017-01-10 18:30:57'),
(2367, 'zoe-10012017-2367', 'N\'TAYE', 'Ulrich Aude', 1, NULL, '', NULL, NULL, NULL, NULL, NULL, NULL, 1, NULL, NULL, NULL, NULL, 0, '2017-01-10 18:30:57'),
(2368, 'zoe-10012017-2368', 'TANOH', 'Kouah', 1, NULL, '1314151', NULL, NULL, NULL, NULL, NULL, NULL, 1, NULL, NULL, NULL, NULL, 0, '2017-01-10 18:30:57'),
(2369, 'zoe-10012017-2369', 'KADAY', ' Kablan', 1, NULL, '', NULL, NULL, NULL, NULL, NULL, NULL, 1, NULL, NULL, NULL, NULL, 0, '2017-01-10 18:30:57'),
(2370, 'zoe-10012017-2370', 'OHOLI', 'Yaba', 1, NULL, '41453969', NULL, NULL, NULL, NULL, NULL, NULL, 1, NULL, NULL, NULL, NULL, 0, '2017-01-10 18:30:57'),
(2371, 'zoe-10012017-2371', 'BOBOU', 'Odette', 1, NULL, '', NULL, NULL, NULL, NULL, NULL, NULL, 1, NULL, NULL, NULL, NULL, 0, '2017-01-10 18:30:57'),
(2372, 'zoe-10012017-2372', 'TANOH', 'Vantanyh', 1, NULL, '', NULL, NULL, NULL, NULL, NULL, NULL, 1, NULL, NULL, NULL, NULL, 0, '2017-01-10 18:30:57'),
(2373, 'zoe-10012017-2373', 'AKA', 'Yaba', 1, NULL, '', NULL, NULL, NULL, NULL, NULL, NULL, 1, NULL, NULL, NULL, NULL, 0, '2017-01-10 18:30:57'),
(2374, 'zoe-10012017-2374', 'AKASSI', 'Yvonne', 1, NULL, '', NULL, NULL, NULL, NULL, NULL, NULL, 1, NULL, NULL, NULL, NULL, 0, '2017-01-10 18:30:57'),
(2375, 'zoe-10012017-2375', 'APASSA', 'Valou', 1, NULL, '4894909', NULL, NULL, NULL, NULL, NULL, NULL, 1, NULL, NULL, NULL, NULL, 0, '2017-01-10 18:30:57'),
(2376, 'zoe-10012017-2376', 'AMON', 'Ade', 1, NULL, '', NULL, NULL, NULL, NULL, NULL, NULL, 1, NULL, NULL, NULL, NULL, 0, '2017-01-10 18:30:57'),
(2377, 'zoe-10012017-2377', 'KACOU', 'Anan Louis', 1, NULL, '45144850', NULL, NULL, NULL, NULL, NULL, NULL, 1, NULL, NULL, NULL, NULL, 0, '2017-01-10 18:30:57'),
(2378, 'zoe-10012017-2378', 'KRAIDY', 'Henriette', 1, NULL, '49524914', NULL, NULL, NULL, NULL, NULL, NULL, 1, NULL, NULL, NULL, NULL, 0, '2017-01-10 18:30:57'),
(2379, 'zoe-10012017-2379', 'KRAIDY', 'Yvonne', 1, NULL, '6611649', NULL, NULL, NULL, NULL, NULL, NULL, 1, NULL, NULL, NULL, NULL, 0, '2017-01-10 18:30:57'),
(2380, 'zoe-10012017-2380', 'DAINGUI', 'Adele', 1, NULL, '7940034', NULL, NULL, NULL, NULL, NULL, NULL, 1, NULL, NULL, NULL, NULL, 0, '2017-01-10 18:30:57'),
(2381, 'zoe-10012017-2381', 'ATTOUHO', 'Patricia', 1, NULL, '7107217', NULL, NULL, NULL, NULL, NULL, NULL, 1, NULL, NULL, NULL, NULL, 0, '2017-01-10 18:30:57'),
(2382, 'zoe-10012017-2382', 'AMON', 'Edwige', 1, NULL, '8040132', NULL, NULL, NULL, NULL, NULL, NULL, 1, NULL, NULL, NULL, NULL, 0, '2017-01-10 18:30:57'),
(2383, 'zoe-10012017-2383', 'AFFOUE', 'Helene', 1, NULL, '', NULL, NULL, NULL, NULL, NULL, NULL, 1, NULL, NULL, NULL, NULL, 0, '2017-01-10 18:30:57'),
(2384, 'zoe-10012017-2384', 'AKA', 'Manzan Chantal', 1, NULL, '7326283', NULL, NULL, NULL, NULL, NULL, NULL, 1, NULL, NULL, NULL, NULL, 0, '2017-01-10 18:30:57'),
(2385, 'zoe-10012017-2385', 'EBIA', 'Ambi Angele', 1, NULL, '3617821', NULL, NULL, NULL, NULL, NULL, NULL, 1, NULL, NULL, NULL, NULL, 0, '2017-01-10 18:30:57'),
(2386, 'zoe-10012017-2386', 'AYEMOU', 'Messien', 1, NULL, '3779130', NULL, NULL, NULL, NULL, NULL, NULL, 1, NULL, NULL, NULL, NULL, 0, '2017-01-10 18:30:58'),
(2387, 'zoe-10012017-2387', 'EHOBA', 'Ayemou', 1, NULL, '1926699', NULL, NULL, NULL, NULL, NULL, NULL, 1, NULL, NULL, NULL, NULL, 0, '2017-01-10 18:30:58'),
(2388, 'zoe-10012017-2388', 'BEDA', 'Chia Anne', 1, NULL, '5436662', NULL, NULL, NULL, NULL, NULL, NULL, 1, NULL, NULL, NULL, NULL, 0, '2017-01-10 18:30:58'),
(2389, 'zoe-10012017-2389', 'N\'GUESSAN', 'BlandineSolange', 1, NULL, '1321815', NULL, NULL, NULL, NULL, NULL, NULL, 1, NULL, NULL, NULL, NULL, 0, '2017-01-10 18:30:58'),
(2390, 'zoe-10012017-2390', 'KOUAMELAN', 'Akouba Elisabeth', 1, NULL, '47670812', NULL, NULL, NULL, NULL, NULL, NULL, 1, NULL, NULL, NULL, NULL, 0, '2017-01-10 18:30:58'),
(2391, 'zoe-10012017-2391', 'ANOH', 'Konan Jean', 1, NULL, '48981205', NULL, NULL, NULL, NULL, NULL, NULL, 1, NULL, NULL, NULL, NULL, 0, '2017-01-10 18:30:58'),
(2392, 'zoe-10012017-2392', 'YAO', 'Pauline', 1, NULL, '87692334', NULL, NULL, NULL, NULL, NULL, NULL, 1, NULL, NULL, NULL, NULL, 0, '2017-01-10 18:30:58'),
(2393, 'zoe-10012017-2393', 'ADJOBA', 'Marguerite', 1, NULL, '7600194', NULL, NULL, NULL, NULL, NULL, NULL, 1, NULL, NULL, NULL, NULL, 0, '2017-01-10 18:30:58'),
(2394, 'zoe-10012017-2394', 'KOUAMELAN', 'Henriette', 1, NULL, '2852315', NULL, NULL, NULL, NULL, NULL, NULL, 1, NULL, NULL, NULL, NULL, 0, '2017-01-10 18:30:58'),
(2395, 'zoe-10012017-2395', 'ADJA', 'Koffi', 1, NULL, '', NULL, NULL, NULL, NULL, NULL, NULL, 1, NULL, NULL, NULL, NULL, 0, '2017-01-10 18:30:58'),
(2396, 'zoe-10012017-2396', 'VANGAH', '', 1, NULL, '', NULL, NULL, NULL, NULL, NULL, NULL, 1, NULL, NULL, NULL, NULL, 0, '2017-01-10 18:30:58'),
(2397, 'zoe-10012017-2397', 'AKA', 'Amoin Nina', 1, NULL, '9335960', NULL, NULL, NULL, NULL, NULL, NULL, 1, NULL, NULL, NULL, NULL, 0, '2017-01-10 18:30:58'),
(2398, 'zoe-10012017-2398', 'BLE', 'Koko Nadege', 1, NULL, '8503591', NULL, NULL, NULL, NULL, NULL, NULL, 1, NULL, NULL, NULL, NULL, 0, '2017-01-10 18:30:58'),
(2399, 'zoe-10012017-2399', 'BOSSO', 'Adjo Eveline', 1, NULL, '', NULL, NULL, NULL, NULL, NULL, NULL, 1, NULL, NULL, NULL, NULL, 0, '2017-01-10 18:30:58'),
(2400, 'zoe-10012017-2400', 'ADOUNI', '', 1, NULL, '47423353', NULL, NULL, NULL, NULL, NULL, NULL, 1, NULL, NULL, NULL, NULL, 0, '2017-01-10 18:30:58'),
(2401, 'zoe-10012017-2401', 'DIAMOI', 'Esperiance', 1, NULL, '', NULL, NULL, NULL, NULL, NULL, NULL, 1, NULL, NULL, NULL, NULL, 0, '2017-01-10 18:30:58'),
(2402, 'zoe-10012017-2402', 'NEBOUT', 'Gisele Andree', 1, NULL, '02827060-4506885', NULL, NULL, NULL, NULL, NULL, NULL, 1, NULL, NULL, NULL, NULL, 0, '2017-01-10 18:30:58'),
(2403, 'zoe-10012017-2403', '', 'Elisabeth', 1, NULL, '', NULL, NULL, NULL, NULL, NULL, NULL, 1, NULL, NULL, NULL, NULL, 0, '2017-01-10 18:30:58'),
(2404, 'zoe-10012017-2404', 'AMEDE', 'Felicia', 1, NULL, '6113940', NULL, NULL, NULL, NULL, NULL, NULL, 1, NULL, NULL, NULL, NULL, 0, '2017-01-10 18:30:58'),
(2405, 'zoe-10012017-2405', 'BOGUI', 'Clementine', 1, NULL, '8188861', NULL, NULL, NULL, NULL, NULL, NULL, 1, NULL, NULL, NULL, NULL, 0, '2017-01-10 18:30:58'),
(2406, 'zoe-10012017-2406', 'ABOA', 'Yaba Synthia', 1, NULL, '2480064', NULL, NULL, NULL, NULL, NULL, NULL, 1, NULL, NULL, NULL, NULL, 0, '2017-01-10 18:30:58'),
(2407, 'zoe-10012017-2407', 'MIESSAN', 'Yaba', 1, NULL, '', NULL, NULL, NULL, NULL, NULL, NULL, 1, NULL, NULL, NULL, NULL, 0, '2017-01-10 18:30:58'),
(2408, 'zoe-10012017-2408', 'KOUA', 'Roxane', 1, NULL, '8664465', NULL, NULL, NULL, NULL, NULL, NULL, 1, NULL, NULL, NULL, NULL, 0, '2017-01-10 18:30:58'),
(2409, 'zoe-10012017-2409', 'KETASSO', 'Beatrice', 1, NULL, '8304302', NULL, NULL, NULL, NULL, NULL, NULL, 1, NULL, NULL, NULL, NULL, 0, '2017-01-10 18:30:59'),
(2410, 'zoe-10012017-2410', 'AKISSI', 'Honorine', 1, NULL, '8087269', NULL, NULL, NULL, NULL, NULL, NULL, 1, NULL, NULL, NULL, NULL, 0, '2017-01-10 18:30:59'),
(2411, 'zoe-10012017-2411', 'OTCHOUMOU', 'Koko', 1, NULL, '', NULL, NULL, NULL, NULL, NULL, NULL, 1, NULL, NULL, NULL, NULL, 0, '2017-01-10 18:30:59'),
(2412, 'zoe-10012017-2412', 'SANTIEN', 'Kadjo ', 1, NULL, '57223413', NULL, NULL, NULL, NULL, NULL, NULL, 1, NULL, NULL, NULL, NULL, 0, '2017-01-10 18:30:59'),
(2413, 'zoe-10012017-2413', 'DEGNY', 'Logdin Deleon', 1, NULL, '3221387', NULL, NULL, NULL, NULL, NULL, NULL, 1, NULL, NULL, NULL, NULL, 0, '2017-01-10 18:30:59'),
(2414, 'zoe-10012017-2414', 'AYEMOU', 'Vadjor', 1, NULL, '45676415', NULL, NULL, NULL, NULL, NULL, NULL, 1, NULL, NULL, NULL, NULL, 0, '2017-01-10 18:30:59'),
(2415, 'zoe-10012017-2415', 'MIESSAN', 'Adele', 1, NULL, '47278162', NULL, NULL, NULL, NULL, NULL, NULL, 1, NULL, NULL, NULL, NULL, 0, '2017-01-10 18:30:59'),
(2416, 'zoe-10012017-2416', 'KISSY', 'Agnes', 1, NULL, '41733666', NULL, NULL, NULL, NULL, NULL, NULL, 1, NULL, NULL, NULL, NULL, 0, '2017-01-10 18:30:59'),
(2417, 'zoe-10012017-2417', 'TAPAH', 'Ruth', 1, NULL, '41110981', NULL, NULL, NULL, NULL, NULL, NULL, 1, NULL, NULL, NULL, NULL, 0, '2017-01-10 18:30:59'),
(2418, 'zoe-10012017-2418', 'TAPAH', 'Emmiliene', 1, NULL, '8188804', NULL, NULL, NULL, NULL, NULL, NULL, 1, NULL, NULL, NULL, NULL, 0, '2017-01-10 18:30:59'),
(2419, 'zoe-10012017-2419', 'SEKA', 'Blandine', 1, NULL, '1297787', NULL, NULL, NULL, NULL, NULL, NULL, 1, NULL, NULL, NULL, NULL, 0, '2017-01-10 18:30:59'),
(2420, 'zoe-10012017-2420', 'ZADI', 'Victorine', 1, NULL, '46775003', NULL, NULL, NULL, NULL, NULL, NULL, 1, NULL, NULL, NULL, NULL, 0, '2017-01-10 18:30:59'),
(2421, 'zoe-10012017-2421', 'KRABA', 'Guile Jacqueline', 1, NULL, '47184508', NULL, NULL, NULL, NULL, NULL, NULL, 1, NULL, NULL, NULL, NULL, 0, '2017-01-10 18:30:59'),
(2422, 'zoe-10012017-2422', 'GUEI', 'Catherine', 1, NULL, '45602564', NULL, NULL, NULL, NULL, NULL, NULL, 1, NULL, NULL, NULL, NULL, 0, '2017-01-10 18:30:59'),
(2423, 'zoe-10012017-2423', 'DIABLE', 'Genevieve', 1, NULL, '8886685', NULL, NULL, NULL, NULL, NULL, NULL, 1, NULL, NULL, NULL, NULL, 0, '2017-01-10 18:30:59'),
(2424, 'zoe-10012017-2424', 'CHAWA', 'Chawa Jacqueline', 1, NULL, '', NULL, NULL, NULL, NULL, NULL, NULL, 1, NULL, NULL, NULL, NULL, 0, '2017-01-10 18:30:59'),
(2425, 'zoe-10012017-2425', 'KOUASSI', 'Rachelle', 1, NULL, '', NULL, NULL, NULL, NULL, NULL, NULL, 1, NULL, NULL, NULL, NULL, 0, '2017-01-10 18:30:59'),
(2426, 'zoe-10012017-2426', 'COULIBALY', 'Francoise', 1, NULL, '55100337', NULL, NULL, NULL, NULL, NULL, NULL, 1, NULL, NULL, NULL, NULL, 0, '2017-01-10 18:30:59'),
(2427, 'zoe-10012017-2427', 'AKA', 'Amon Yvonne', 1, NULL, '44505915', NULL, NULL, NULL, NULL, NULL, NULL, 1, NULL, NULL, NULL, NULL, 0, '2017-01-10 18:30:59'),
(2428, 'zoe-10012017-2428', 'KRAIDY', 'Elisabeth', 1, NULL, '3364698', NULL, NULL, NULL, NULL, NULL, NULL, 1, NULL, NULL, NULL, NULL, 0, '2017-01-10 18:30:59'),
(2429, 'zoe-10012017-2429', 'KONE', 'Perpetu', 1, NULL, '9955974', NULL, NULL, NULL, NULL, NULL, NULL, 1, NULL, NULL, NULL, 18, 0, '2017-01-10 18:31:00'),
(2430, 'zoe-10012017-2430', 'ADJE', 'Jannette', 1, NULL, '', NULL, NULL, NULL, NULL, NULL, NULL, 1, NULL, NULL, NULL, 18, 0, '2017-01-10 18:31:00'),
(2431, 'zoe-10012017-2431', 'AMERTCHEY', 'Combe Louise', 1, NULL, '5090873', NULL, NULL, NULL, NULL, NULL, NULL, 1, NULL, NULL, NULL, 18, 0, '2017-01-10 18:31:00'),
(2432, 'zoe-10012017-2432', 'ALAMGBA', 'Materke Berthe', 1, NULL, '3178992', NULL, NULL, NULL, NULL, NULL, NULL, 1, NULL, NULL, NULL, 18, 0, '2017-01-10 18:31:00'),
(2433, 'zoe-10012017-2433', 'AMANGOUA', 'Elisabeth', 1, NULL, '3220795', NULL, NULL, NULL, NULL, NULL, NULL, 1, NULL, NULL, NULL, 18, 0, '2017-01-10 18:31:00'),
(2434, 'zoe-10012017-2434', 'POLAIN', 'Bernadette', 1, NULL, '3220795', NULL, NULL, NULL, NULL, NULL, NULL, 1, NULL, NULL, NULL, 18, 0, '2017-01-10 18:31:00'),
(2435, 'zoe-10012017-2435', 'AKOUBA', 'Adelle', 1, NULL, '47327908', NULL, NULL, NULL, NULL, NULL, NULL, 1, NULL, NULL, NULL, 18, 0, '2017-01-10 18:31:00'),
(2436, 'zoe-10012017-2436', 'MANOUAN', 'Gisele', 1, NULL, '47327908', NULL, NULL, NULL, NULL, NULL, NULL, 1, NULL, NULL, NULL, 18, 0, '2017-01-10 18:31:00'),
(2437, 'zoe-10012017-2437', 'ASSOHOUN', 'Marieth', 1, NULL, '1431609', NULL, NULL, NULL, NULL, NULL, NULL, 1, NULL, NULL, NULL, 18, 0, '2017-01-10 18:31:00'),
(2438, 'zoe-10012017-2438', 'EHOUMAN', 'Rebecca', 1, NULL, '40433575', NULL, NULL, NULL, NULL, NULL, NULL, 1, NULL, NULL, NULL, 18, 0, '2017-01-10 18:31:00'),
(2439, 'zoe-10012017-2439', 'ADIKO', 'Naomi', 1, NULL, '3596853', NULL, NULL, NULL, NULL, NULL, NULL, 1, NULL, NULL, NULL, 18, 0, '2017-01-10 18:31:00'),
(2440, 'zoe-10012017-2440', 'KOUA', 'Enhoutin', 1, NULL, '', NULL, NULL, NULL, NULL, NULL, NULL, 1, NULL, NULL, NULL, 18, 0, '2017-01-10 18:31:00'),
(2441, 'zoe-10012017-2441', 'N\'IANGUE', 'Akissi prisca', 1, NULL, '1102146', NULL, NULL, NULL, NULL, NULL, NULL, 1, NULL, NULL, NULL, NULL, 0, '2017-01-10 18:31:00'),
(2442, 'zoe-10012017-2442', 'KOUATI', 'Angela', 1, NULL, '', NULL, NULL, NULL, NULL, NULL, NULL, 1, NULL, NULL, NULL, NULL, 0, '2017-01-10 18:31:00'),
(2443, 'zoe-10012017-2443', 'AMBI', 'Monique', 1, NULL, '', NULL, NULL, NULL, NULL, NULL, NULL, 1, NULL, NULL, NULL, NULL, 0, '2017-01-10 18:31:00'),
(2444, 'zoe-10012017-2444', 'POPOIN', 'Bissie', 1, NULL, '', NULL, NULL, NULL, NULL, NULL, NULL, 1, NULL, NULL, NULL, NULL, 0, '2017-01-10 18:31:00'),
(2445, 'zoe-10012017-2445', 'ALU', 'Irene', 1, NULL, '5540935', NULL, NULL, NULL, NULL, NULL, NULL, 1, NULL, NULL, NULL, NULL, 0, '2017-01-10 18:31:00'),
(2446, 'zoe-10012017-2446', 'ZIRIGNON', 'Veronique', 1, NULL, '48251371', NULL, NULL, NULL, NULL, NULL, NULL, 1, NULL, NULL, NULL, NULL, 0, '2017-01-10 18:31:00'),
(2447, 'zoe-10012017-2447', 'ASSIE', 'Siala cynthia', 1, NULL, '2313641', NULL, NULL, NULL, NULL, NULL, NULL, 1, NULL, NULL, NULL, NULL, 0, '2017-01-10 18:31:00'),
(2448, 'zoe-10012017-2448', 'NIOULE', 'Annie Solange', 1, NULL, '2486812', NULL, NULL, NULL, NULL, NULL, NULL, 1, NULL, NULL, NULL, NULL, 0, '2017-01-10 18:31:00'),
(2449, 'zoe-10012017-2449', 'NIOULE', 'Annick', 1, NULL, '57182273', NULL, NULL, NULL, NULL, NULL, NULL, 1, NULL, NULL, NULL, 18, 0, '2017-01-10 18:31:01'),
(2450, 'zoe-10012017-2450', 'ATCHO', 'Patricia', 1, NULL, '47606831', NULL, NULL, NULL, NULL, NULL, NULL, 1, NULL, NULL, NULL, 18, 0, '2017-01-10 18:31:01'),
(2451, 'zoe-10012017-2451', 'KOUAMELAN', 'Annick', 1, NULL, '47160420', NULL, NULL, NULL, NULL, NULL, NULL, 1, NULL, NULL, NULL, 18, 0, '2017-01-10 18:31:01'),
(2452, 'zoe-10012017-2452', 'KOUAMELAN', 'Nadege', 1, NULL, '3262378', NULL, NULL, NULL, NULL, NULL, NULL, 1, NULL, NULL, NULL, 18, 0, '2017-01-10 18:31:01'),
(2453, 'zoe-10012017-2453', 'ABLE', 'Math', 1, NULL, '40125081', NULL, NULL, NULL, NULL, NULL, NULL, 1, NULL, NULL, NULL, 18, 0, '2017-01-10 18:31:01'),
(2454, 'zoe-10012017-2454', 'OLLY', 'Yaba Marie', 1, NULL, '56558870', NULL, NULL, NULL, NULL, NULL, NULL, 1, NULL, NULL, NULL, 18, 0, '2017-01-10 18:31:01'),
(2455, 'zoe-10012017-2455', 'OTCHOUMOU', 'Amocou Rosine', 1, NULL, '8049992', NULL, NULL, NULL, NULL, NULL, NULL, 1, NULL, NULL, NULL, 18, 0, '2017-01-10 18:31:01'),
(2456, 'zoe-10012017-2456', 'KOUAME', 'Aba Marie', 1, NULL, '45600735', NULL, NULL, NULL, NULL, NULL, NULL, 1, NULL, NULL, NULL, 18, 0, '2017-01-10 18:31:01'),
(2457, 'zoe-10012017-2457', 'BAY', 'Simone', 1, NULL, '47880783', NULL, NULL, NULL, NULL, NULL, NULL, 1, NULL, NULL, NULL, 18, 0, '2017-01-10 18:31:01'),
(2458, 'zoe-10012017-2458', 'ADJE', 'Afla Odette', 1, NULL, '40371325', NULL, NULL, NULL, NULL, NULL, NULL, 1, NULL, NULL, NULL, 18, 0, '2017-01-10 18:31:01'),
(2459, 'zoe-10012017-2459', 'KOUADIO', 'Adjoba Janette', 1, NULL, '8226090', NULL, NULL, NULL, NULL, NULL, NULL, 1, NULL, NULL, NULL, 18, 0, '2017-01-10 18:31:01'),
(2460, 'zoe-10012017-2460', 'ASAVON', 'Jeanne', 1, NULL, '2724593', NULL, NULL, NULL, NULL, NULL, NULL, 1, NULL, NULL, NULL, 18, 0, '2017-01-10 18:31:01'),
(2461, 'zoe-10012017-2461', 'ABLE', 'Marguerite', 1, NULL, '1513631', NULL, NULL, NULL, NULL, NULL, NULL, 1, NULL, NULL, NULL, 18, 0, '2017-01-10 18:31:01'),
(2462, 'zoe-10012017-2462', 'ASSOHOU', 'Andre', 1, NULL, '2709821', NULL, NULL, NULL, NULL, NULL, NULL, 1, NULL, NULL, NULL, 18, 0, '2017-01-10 18:31:01'),
(2463, 'zoe-10012017-2463', 'BAY', 'Stephanie', 1, NULL, '40130142', NULL, NULL, NULL, NULL, NULL, NULL, 1, NULL, NULL, NULL, 18, 0, '2017-01-10 18:31:01'),
(2464, 'zoe-10012017-2464', 'ANOH', 'SialaMonique', 1, NULL, '5559485', NULL, NULL, NULL, NULL, NULL, NULL, 1, NULL, NULL, NULL, 18, 0, '2017-01-10 18:31:01'),
(2465, 'zoe-10012017-2465', 'BAY', 'Joelle', 1, NULL, '41634552', NULL, NULL, NULL, NULL, NULL, NULL, 1, NULL, NULL, NULL, 18, 0, '2017-01-10 18:31:01'),
(2466, 'zoe-10012017-2466', 'OYOU', 'Agnes', 1, NULL, '8707600', NULL, NULL, NULL, NULL, NULL, NULL, 1, NULL, NULL, NULL, 18, 0, '2017-01-10 18:31:01'),
(2467, 'zoe-10012017-2467', 'ADOME', 'N\'guessan Blandine', 1, NULL, '7235261', NULL, NULL, NULL, NULL, NULL, NULL, 1, NULL, NULL, NULL, 18, 0, '2017-01-10 18:31:01'),
(2468, 'zoe-10012017-2468', 'ADOME', 'Ettien Adjoba Honorine', 1, NULL, '57205605', NULL, NULL, NULL, NULL, NULL, NULL, 1, NULL, NULL, NULL, 18, 0, '2017-01-10 18:31:01'),
(2469, 'zoe-10012017-2469', 'AKA', 'Bouayi Alice M', 1, NULL, '42708191', NULL, NULL, NULL, NULL, NULL, NULL, 1, NULL, NULL, NULL, 18, 0, '2017-01-10 18:31:01'),
(2470, 'zoe-10012017-2470', 'AKA', 'Sassoh Eveline', 1, NULL, '9121687', NULL, NULL, NULL, NULL, NULL, NULL, 1, NULL, NULL, NULL, 18, 0, '2017-01-10 18:31:01'),
(2471, 'zoe-10012017-2471', 'KOUAME', 'Amoin Suzane', 1, NULL, '8624875', NULL, NULL, NULL, NULL, NULL, NULL, 1, NULL, NULL, NULL, 18, 0, '2017-01-10 18:31:02'),
(2472, 'zoe-10012017-2472', 'KONAN', 'Adjoua Anne Marie', 1, NULL, '7141878', NULL, NULL, NULL, NULL, NULL, NULL, 1, NULL, NULL, NULL, 18, 0, '2017-01-10 18:31:02'),
(2473, 'zoe-10012017-2473', 'AMA', 'Angele Adoni', 1, NULL, '4101011', NULL, NULL, NULL, NULL, NULL, NULL, 1, NULL, NULL, NULL, 18, 0, '2017-01-10 18:31:02'),
(2474, 'zoe-10012017-2474', 'SAMAN', 'N\'gnamien', 1, NULL, '4756531', NULL, NULL, NULL, NULL, NULL, NULL, 1, NULL, NULL, NULL, 18, 0, '2017-01-10 18:31:02'),
(2475, 'zoe-10012017-2475', 'NIMBA', 'Diango Georgette', 1, NULL, '9222128', NULL, NULL, NULL, NULL, NULL, NULL, 1, NULL, NULL, NULL, 18, 0, '2017-01-10 18:31:02'),
(2476, 'zoe-10012017-2476', 'AMESSAN', 'Valerie', 1, NULL, '49175279', NULL, NULL, NULL, NULL, NULL, NULL, 1, NULL, NULL, NULL, 18, 0, '2017-01-10 18:31:02'),
(2477, 'zoe-10012017-2477', 'AKA', 'Attouho Helene', 1, NULL, '7796893', NULL, NULL, NULL, NULL, NULL, NULL, 1, NULL, NULL, NULL, 18, 0, '2017-01-10 18:31:02'),
(2478, 'zoe-10012017-2478', 'KOFFI', 'Adjoua Danielle', 1, NULL, '48678629', NULL, NULL, NULL, NULL, NULL, NULL, 1, NULL, NULL, NULL, 18, 0, '2017-01-10 18:31:02'),
(2479, 'zoe-10012017-2479', 'LOHOES', 'Adjiba Viviane', 1, NULL, '9497331', NULL, NULL, NULL, NULL, NULL, NULL, 1, NULL, NULL, NULL, 18, 0, '2017-01-10 18:31:02'),
(2480, 'zoe-10012017-2480', 'TANO', 'N\'zore audrey', 1, NULL, '2836883', NULL, NULL, NULL, NULL, NULL, NULL, 1, NULL, NULL, NULL, 18, 0, '2017-01-10 18:31:02'),
(2481, 'zoe-10012017-2481', 'AKON', 'Amouan', 1, NULL, '', NULL, NULL, NULL, NULL, NULL, NULL, 1, NULL, NULL, NULL, 18, 0, '2017-01-10 18:31:02'),
(2482, 'zoe-10012017-2482', 'ANOH', 'Pauline', 1, NULL, '7956594', NULL, NULL, NULL, NULL, NULL, NULL, 1, NULL, NULL, NULL, 18, 0, '2017-01-10 18:31:02'),
(2483, 'zoe-10012017-2483', 'AKRE', 'Marguerite', 1, NULL, '5808165', NULL, NULL, NULL, NULL, NULL, NULL, 1, NULL, NULL, NULL, 18, 0, '2017-01-10 18:31:02'),
(2484, 'zoe-10012017-2484', 'KOFFI', 'Yah Odette', 1, NULL, '57557002', NULL, NULL, NULL, NULL, NULL, NULL, 1, NULL, NULL, NULL, 18, 0, '2017-01-10 18:31:02'),
(2485, 'zoe-10012017-2485', 'KOUA', 'Andihoua', 1, NULL, '7966050', NULL, NULL, NULL, NULL, NULL, NULL, 1, NULL, NULL, NULL, 18, 0, '2017-01-10 18:31:02'),
(2486, 'zoe-10012017-2486', 'AKATCHI', 'Eba Yvette', 1, NULL, '57460074', NULL, NULL, NULL, NULL, NULL, NULL, 1, NULL, NULL, NULL, 18, 0, '2017-01-10 18:31:02'),
(2487, 'zoe-10012017-2487', 'KOUAME', 'Echia Leocadie', 1, NULL, '48857866', NULL, NULL, NULL, NULL, NULL, NULL, 1, NULL, NULL, NULL, 18, 0, '2017-01-10 18:31:02'),
(2488, 'zoe-10012017-2488', 'AKA', 'Bla Rosalie', 1, NULL, '8111034', NULL, NULL, NULL, NULL, NULL, NULL, 1, NULL, NULL, NULL, 18, 0, '2017-01-10 18:31:02'),
(2489, 'zoe-10012017-2489', 'ANGBOZAN', 'N\'da Alloua Marie', 1, NULL, '9936355', NULL, NULL, NULL, NULL, NULL, NULL, 1, NULL, NULL, NULL, 18, 0, '2017-01-10 18:31:02'),
(2490, 'zoe-10012017-2490', 'EHOUMAN', 'Benie Leopoldine', 1, NULL, '7925483', NULL, NULL, NULL, NULL, NULL, NULL, 1, NULL, NULL, NULL, 18, 0, '2017-01-10 18:31:02'),
(2491, 'zoe-10012017-2491', 'DJOMANDE', 'Korotoum', 1, NULL, '', NULL, NULL, NULL, NULL, NULL, NULL, 1, NULL, NULL, NULL, 18, 0, '2017-01-10 18:31:02'),
(2492, 'zoe-10012017-2492', 'KOUAME', 'Agoba Jeannette', 1, NULL, '48858517', NULL, NULL, NULL, NULL, NULL, NULL, 1, NULL, NULL, NULL, 18, 0, '2017-01-10 18:31:03'),
(2493, 'zoe-10012017-2493', 'KOUAKOU', 'Amoin', 1, NULL, '', NULL, NULL, NULL, NULL, NULL, NULL, 1, NULL, NULL, NULL, 18, 0, '2017-01-10 18:31:03'),
(2494, 'zoe-10012017-2494', 'EHOURA', 'Anassouh', 1, NULL, '58407144', NULL, NULL, NULL, NULL, NULL, NULL, 1, NULL, NULL, NULL, 18, 0, '2017-01-10 18:31:03'),
(2495, 'zoe-10012017-2495', 'KOSSONOU', 'Alloua Meladine', 1, NULL, '7567948', NULL, NULL, NULL, NULL, NULL, NULL, 1, NULL, NULL, NULL, 18, 0, '2017-01-10 18:31:03'),
(2496, 'zoe-10012017-2496', 'KATCHE', 'Amanbra Ange', 1, NULL, '42394500', NULL, NULL, NULL, NULL, NULL, NULL, 1, NULL, NULL, NULL, 18, 0, '2017-01-10 18:31:03'),
(2497, 'zoe-10012017-2497', 'AHOUSSIKAN', 'M\'bouke Marie', 1, NULL, '2565481', NULL, NULL, NULL, NULL, NULL, NULL, 1, NULL, NULL, NULL, 18, 0, '2017-01-10 18:31:03'),
(2498, 'zoe-10012017-2498', 'YAO', 'Kossia Pelagie', 1, NULL, '47909082', NULL, NULL, NULL, NULL, NULL, NULL, 1, NULL, NULL, NULL, 18, 0, '2017-01-10 18:31:03'),
(2499, 'zoe-10012017-2499', 'MALAN', 'N\'guessan Jeanne', 1, NULL, '', NULL, NULL, NULL, NULL, NULL, NULL, 1, NULL, NULL, NULL, 18, 0, '2017-01-10 18:31:03'),
(2500, 'zoe-10012017-2500', 'KIMOU', 'Adel', 1, NULL, '9446475', NULL, NULL, NULL, NULL, NULL, NULL, 1, NULL, NULL, NULL, 18, 0, '2017-01-10 18:31:03'),
(2501, 'zoe-10012017-2501', 'GABO', 'Adjoba Marguerite', 1, NULL, '', NULL, NULL, NULL, NULL, NULL, NULL, 1, NULL, NULL, NULL, 18, 0, '2017-01-10 18:31:03'),
(2502, 'zoe-10012017-2502', 'WOGNIN', 'Maryama', 1, NULL, '47334300', NULL, NULL, NULL, NULL, NULL, NULL, 1, NULL, NULL, NULL, 18, 0, '2017-01-10 18:31:03'),
(2503, 'zoe-10012017-2503', 'AMIDOU', 'Kalidjatou', 1, NULL, '', NULL, NULL, NULL, NULL, NULL, NULL, 1, NULL, NULL, NULL, 18, 0, '2017-01-10 18:31:03'),
(2504, 'zoe-10012017-2504', 'DOUGUE', 'Aminata', 1, NULL, '7670610', NULL, NULL, NULL, NULL, NULL, NULL, 1, NULL, NULL, NULL, 18, 0, '2017-01-10 18:31:03'),
(2505, 'zoe-10012017-2505', 'AKA', 'Bede', 1, NULL, '', NULL, NULL, NULL, NULL, NULL, NULL, 1, NULL, NULL, NULL, 18, 0, '2017-01-10 18:31:03'),
(2506, 'zoe-10012017-2506', 'N\'ZIAN', 'Kouadio Marina', 1, NULL, '3098140', NULL, NULL, NULL, NULL, NULL, NULL, 1, NULL, NULL, NULL, 18, 0, '2017-01-10 18:31:03'),
(2507, 'zoe-10012017-2507', 'DEFFOU', 'Nathalie', 1, NULL, '48210357', NULL, NULL, NULL, NULL, NULL, NULL, 1, NULL, NULL, NULL, 18, 0, '2017-01-10 18:31:03'),
(2508, 'zoe-10012017-2508', 'AMADOU', 'Adjara', 1, NULL, '8542320', NULL, NULL, NULL, NULL, NULL, NULL, 1, NULL, NULL, NULL, 18, 0, '2017-01-10 18:31:03'),
(2509, 'zoe-10012017-2509', 'BROU', 'Koko Therese', 1, NULL, '48300515', NULL, NULL, NULL, NULL, NULL, NULL, 1, NULL, NULL, NULL, 18, 0, '2017-01-10 18:31:03'),
(2510, 'zoe-10012017-2510', 'KANGAH', 'Ama Diane', 1, NULL, '58998345', NULL, NULL, NULL, NULL, NULL, NULL, 1, NULL, NULL, NULL, 18, 0, '2017-01-10 18:31:03'),
(2511, 'zoe-10012017-2511', 'BOSSO', 'Ahou Jeanne', 1, NULL, '47497059', NULL, NULL, NULL, NULL, NULL, NULL, 1, NULL, NULL, NULL, 18, 0, '2017-01-10 18:31:03'),
(2513, 'zoe-10012017-2513', 'BOGNI', 'Adele', 1, NULL, '8555138', NULL, NULL, NULL, NULL, NULL, NULL, 1, NULL, NULL, NULL, 18, 0, '2017-01-10 18:31:04'),
(2514, 'zoe-10012017-2514', 'SOMMO', 'Ivonne', 1, 'Chateaux', '', '', '', '', 'Menagère', '2017-03-03', 'Abouré', 1, NULL, NULL, NULL, 18, 0, '2017-01-10 18:31:04'),
(2515, 'zoe-10012017-2515', 'M\'KODIANE', 'Antoinnette', 1, NULL, '3426694', NULL, NULL, NULL, NULL, NULL, NULL, 1, NULL, NULL, NULL, 18, 0, '2017-01-10 18:31:04'),
(2516, 'zoe-10012017-2516', 'ADJOUFOU', 'Cecile', 1, NULL, '40373208', NULL, NULL, NULL, NULL, NULL, NULL, 1, NULL, NULL, NULL, 18, 0, '2017-01-10 18:31:04'),
(2517, 'zoe-10012017-2517', 'AKA', 'Yvonne', 1, NULL, '9571220', NULL, NULL, NULL, NULL, NULL, NULL, 1, NULL, NULL, NULL, 18, 0, '2017-01-10 18:31:04'),
(2518, 'zoe-10012017-2518', 'ALLOUHAN', 'N\'mokike J', 1, NULL, '', NULL, NULL, NULL, NULL, NULL, NULL, 1, NULL, NULL, NULL, 18, 0, '2017-01-10 18:31:04'),
(2519, 'zoe-10012017-2519', '', 'Albertine', 1, NULL, '7469712', NULL, NULL, NULL, NULL, NULL, NULL, 1, NULL, NULL, NULL, 18, 0, '2017-01-10 18:31:04'),
(2520, 'zoe-10012017-2520', 'OTCHOUMOU', 'Bernadette', 1, NULL, '3322959', NULL, NULL, NULL, NULL, NULL, NULL, 1, NULL, NULL, NULL, 18, 0, '2017-01-10 18:31:04'),
(2521, 'zoe-10012017-2521', 'WOSSOUMAN', 'Aliee', 1, NULL, '49574039', NULL, NULL, NULL, NULL, NULL, NULL, 1, NULL, NULL, NULL, 18, 0, '2017-01-10 18:31:04'),
(2522, 'zoe-10012017-2522', 'BISSIE', 'Chantal', 1, NULL, '4900367', NULL, NULL, NULL, NULL, NULL, NULL, 1, NULL, NULL, NULL, 18, 0, '2017-01-10 18:31:04'),
(2523, 'zoe-10012017-2523', 'SOMMO', 'Nadege', 1, NULL, '40856986', NULL, NULL, NULL, NULL, NULL, NULL, 1, NULL, NULL, NULL, 18, 0, '2017-01-10 18:31:04'),
(2524, 'zoe-10012017-2524', 'ADOUKO', 'Antcho', 1, NULL, '2984309', NULL, NULL, NULL, NULL, NULL, NULL, 1, NULL, NULL, NULL, 18, 0, '2017-01-10 18:31:04'),
(2525, 'zoe-10012017-2525', 'ABO', 'Poline', 1, NULL, '47900477', NULL, NULL, NULL, NULL, NULL, NULL, 1, NULL, NULL, NULL, 18, 0, '2017-01-10 18:31:04'),
(2526, 'zoe-10012017-2526', 'IBO', 'Antchobi Christelle', 1, NULL, '2877170', NULL, NULL, NULL, NULL, NULL, NULL, 1, NULL, NULL, NULL, 18, 0, '2017-01-10 18:31:04'),
(2527, 'zoe-10012017-2527', 'KOUAHO', 'Adjoba Colette', 1, NULL, '42060454', NULL, NULL, NULL, NULL, NULL, NULL, 1, NULL, NULL, NULL, 18, 0, '2017-01-10 18:31:04'),
(2528, 'zoe-10012017-2528', 'NOGBOU', 'M\'min Clarisse', 1, NULL, '2312634', NULL, NULL, NULL, NULL, NULL, NULL, 1, NULL, NULL, NULL, 18, 0, '2017-01-10 18:31:04'),
(2529, 'zoe-10012017-2529', 'ADJOBI', 'Akouba Sabine C', 1, NULL, '58732292', NULL, NULL, NULL, NULL, NULL, NULL, 1, NULL, NULL, NULL, 18, 0, '2017-01-10 18:31:04'),
(2530, 'zoe-10012017-2530', 'ALLOUAN', 'Abodja Isabelle', 1, NULL, '42060454', NULL, NULL, NULL, NULL, NULL, NULL, 1, NULL, NULL, NULL, 18, 0, '2017-01-10 18:31:04'),
(2531, 'zoe-10012017-2531', 'KOUAHO', 'Assey Monique', 1, NULL, '56465471', NULL, NULL, NULL, NULL, NULL, NULL, 1, NULL, NULL, NULL, 18, 0, '2017-01-10 18:31:04'),
(2532, 'zoe-10012017-2532', 'N\'GUATTA', 'Adjiba Madeline', 1, NULL, '2768611', NULL, NULL, NULL, NULL, NULL, NULL, 1, NULL, NULL, NULL, 18, 0, '2017-01-10 18:31:04'),
(2533, 'zoe-10012017-2533', 'AHORE', 'Yaba Suzane', 1, NULL, '56054248', NULL, NULL, NULL, NULL, NULL, NULL, 1, NULL, NULL, NULL, 18, 0, '2017-01-10 18:31:04'),
(2534, 'zoe-10012017-2534', 'AKOUBA', 'Nchila', 1, 'Koumassi', '01020304', NULL, NULL, '', 'Menagère', '2017-01-10', 'Baoulé', 1, NULL, NULL, NULL, 18, 0, '2017-01-10 18:31:05'),
(2535, 'zoe-10012017-2535', 'ELIMAN', 'Ago emma', 1, 'Koumassi', '42706281', NULL, NULL, '', 'Password', '2017-01-11', 'Ethenie', 1, NULL, NULL, NULL, 18, 0, '2017-01-10 18:31:05'),
(2536, 'zoe-10012017-2536', 'Koffi', 'Paul', 1, 'Begneri', '', '', '', '', 'Enseignant', '2017-01-10', 'Abouré', 1, NULL, NULL, NULL, 18, 8, '2017-01-10 22:16:33'),
(2537, 'zoe-12022017-2537', 'gzageg', 'gzageg', 1, 'gzgeg', 'gazegazege', '', '', 'gzage', 'gzgzgeg', '2017-02-12', 'gzaegzg', 1, NULL, NULL, NULL, NULL, 8, '2017-02-12 11:07:40');

-- --------------------------------------------------------

--
-- Structure de la table `article`
--

CREATE TABLE `article` (
  `article_id` int(11) NOT NULL,
  `article_libelle` varchar(150) NOT NULL,
  `article_unit_price` double NOT NULL,
  `article_quantity` int(11) NOT NULL,
  `article_date_reception` date NOT NULL,
  `article_created_at` datetime NOT NULL,
  `package_id` int(11) DEFAULT NULL,
  `traitement_id` int(11) DEFAULT NULL,
  `article_type_id` int(11) DEFAULT NULL
) ENGINE=InnoDB DEFAULT CHARSET=utf8;

--
-- Contenu de la table `article`
--

INSERT INTO `article` (`article_id`, `article_libelle`, `article_unit_price`, `article_quantity`, `article_date_reception`, `article_created_at`, `package_id`, `traitement_id`, `article_type_id`) VALUES
(1, 'Enregistrement audio', 1500, 1, '2017-01-15', '0000-00-00 00:00:00', NULL, NULL, 3),
(2, 'Bible', 3000, 1, '2017-01-15', '0000-00-00 00:00:00', NULL, NULL, 1);

-- --------------------------------------------------------

--
-- Structure de la table `article_photo`
--

CREATE TABLE `article_photo` (
  `article_id` int(11) NOT NULL,
  `photo_id` int(11) NOT NULL
) ENGINE=InnoDB DEFAULT CHARSET=utf8;

-- --------------------------------------------------------

--
-- Structure de la table `article_type`
--

CREATE TABLE `article_type` (
  `article_type_id` int(11) NOT NULL,
  `article_type_libelle` varchar(150) NOT NULL
) ENGINE=InnoDB DEFAULT CHARSET=utf8;

--
-- Contenu de la table `article_type`
--

INSERT INTO `article_type` (`article_type_id`, `article_type_libelle`) VALUES
(1, 'Livre'),
(2, 'Bracelet'),
(3, 'Audio');

-- --------------------------------------------------------

--
-- Structure de la table `batiment`
--

CREATE TABLE `batiment` (
  `batiment_id` int(11) NOT NULL,
  `batiment_libelle` varchar(150) NOT NULL,
  `batiment_number_room` int(11) DEFAULT NULL,
  `programme_id` int(11) NOT NULL
) ENGINE=InnoDB DEFAULT CHARSET=utf8;

--
-- Contenu de la table `batiment`
--

INSERT INTO `batiment` (`batiment_id`, `batiment_libelle`, `batiment_number_room`, `programme_id`) VALUES
(5, 'BATIMENT A', 15, 8),
(6, 'BATIMENT B', 3, 8);

-- --------------------------------------------------------

--
-- Structure de la table `commune`
--

CREATE TABLE `commune` (
  `commune_id` int(11) NOT NULL,
  `commune_libelle` varchar(150) NOT NULL,
  `ville_id` int(11) NOT NULL
) ENGINE=InnoDB DEFAULT CHARSET=utf8;

--
-- Contenu de la table `commune`
--

INSERT INTO `commune` (`commune_id`, `commune_libelle`, `ville_id`) VALUES
(1, 'Cocody', 1);

-- --------------------------------------------------------

--
-- Structure de la table `famille`
--

CREATE TABLE `famille` (
  `famille_id` int(11) NOT NULL,
  `famille_nom` varchar(150) NOT NULL
) ENGINE=InnoDB DEFAULT CHARSET=latin1;

--
-- Contenu de la table `famille`
--

INSERT INTO `famille` (`famille_id`, `famille_nom`) VALUES
(8, 'Adjobi');

-- --------------------------------------------------------

--
-- Structure de la table `malade`
--

CREATE TABLE `malade` (
  `malade_id` int(11) NOT NULL,
  `maladie_libelle` varchar(150) NOT NULL,
  `maladie_healed` varchar(5) NOT NULL DEFAULT 'Non',
  `adherant_id` int(11) NOT NULL
) ENGINE=InnoDB DEFAULT CHARSET=utf8;

--
-- Contenu de la table `malade`
--

INSERT INTO `malade` (`malade_id`, `maladie_libelle`, `maladie_healed`, `adherant_id`) VALUES
(1, 'Paludisme', 'Non', 2536),
(6, 'Diabète', 'Non', 2514);

-- --------------------------------------------------------

--
-- Structure de la table `materiel`
--

CREATE TABLE `materiel` (
  `materiel_id` int(11) NOT NULL,
  `materiel_libelle` varchar(150) NOT NULL,
  `materiel_date_acquisition` date NOT NULL,
  `materiel_quantity` int(11) NOT NULL,
  `materiel_quality` varchar(150) NOT NULL,
  `materiel_date_reparation` date DEFAULT NULL,
  `materiel_nombre_reparation` int(11) NOT NULL,
  `materiel_fonctionel` varchar(5) NOT NULL,
  `materiel_marque` varchar(150) DEFAULT NULL,
  `materiel_created_at` int(11) NOT NULL,
  `programme_id` int(11) NOT NULL
) ENGINE=InnoDB DEFAULT CHARSET=utf8;

--
-- Contenu de la table `materiel`
--

INSERT INTO `materiel` (`materiel_id`, `materiel_libelle`, `materiel_date_acquisition`, `materiel_quantity`, `materiel_quality`, `materiel_date_reparation`, `materiel_nombre_reparation`, `materiel_fonctionel`, `materiel_marque`, `materiel_created_at`, `programme_id`) VALUES
(6, 'gazggazeg', '2017-01-14', 2, 'gazgezg', NULL, 2, 'Oui', 'gazge', 0, 7),
(7, 'azgazg', '2017-01-14', 2, 'gzagzge', NULL, 1, 'Oui', 'gazgzaeg', 0, 8),
(8, 'gzage', '2017-01-11', 1, 'gzegeg', NULL, 1, 'Non', 'gzagezge', 0, 3);

-- --------------------------------------------------------

--
-- Structure de la table `materiel_photo`
--

CREATE TABLE `materiel_photo` (
  `materiel_id` int(11) NOT NULL,
  `photo_id` int(11) NOT NULL
) ENGINE=InnoDB DEFAULT CHARSET=utf8;

-- --------------------------------------------------------

--
-- Structure de la table `meditation`
--

CREATE TABLE `meditation` (
  `meditation_id` int(11) NOT NULL,
  `meditation_theme` varchar(150) NOT NULL,
  `meditation_date` date NOT NULL,
  `meditation_heure_debut` varchar(10) NOT NULL,
  `meditation_heure_fin` varchar(10) NOT NULL,
  `meditation_predicateur` varchar(150) DEFAULT NULL,
  `semaine_id` int(11) NOT NULL
) ENGINE=InnoDB DEFAULT CHARSET=utf8;

--
-- Contenu de la table `meditation`
--

INSERT INTO `meditation` (`meditation_id`, `meditation_theme`, `meditation_date`, `meditation_heure_debut`, `meditation_heure_fin`, `meditation_predicateur`, `semaine_id`) VALUES
(8, 'Good', '2017-01-15', 'gazge', 'gazgeg', 'Marc', 7);

-- --------------------------------------------------------

--
-- Structure de la table `meditation_adherant`
--

CREATE TABLE `meditation_adherant` (
  `meditation_id` int(11) NOT NULL,
  `adherant_id` int(11) NOT NULL,
  `presence` varchar(25) NOT NULL,
  `annciennete` varchar(25) NOT NULL
) ENGINE=InnoDB DEFAULT CHARSET=utf8;

--
-- Contenu de la table `meditation_adherant`
--

INSERT INTO `meditation_adherant` (`meditation_id`, `adherant_id`, `presence`, `annciennete`) VALUES
(8, 2536, 'Présent(e)', 'Présent(e)'),
(8, 2549, 'Présent(e)', 'Absent(e)');

-- --------------------------------------------------------

--
-- Structure de la table `package`
--

CREATE TABLE `package` (
  `package_id` int(11) NOT NULL,
  `package_libelle` varchar(150) NOT NULL,
  `programme_id` int(11) NOT NULL
) ENGINE=InnoDB DEFAULT CHARSET=utf8;

--
-- Contenu de la table `package`
--

INSERT INTO `package` (`package_id`, `package_libelle`, `programme_id`) VALUES
(11, 'one', 3),
(12, 'two', 3),
(13, 'three', 3),
(14, 'nice', 7);

-- --------------------------------------------------------

--
-- Structure de la table `pays`
--

CREATE TABLE `pays` (
  `pays_id` int(11) NOT NULL,
  `pays_libelle` varchar(150) NOT NULL
) ENGINE=InnoDB DEFAULT CHARSET=utf8;

--
-- Contenu de la table `pays`
--

INSERT INTO `pays` (`pays_id`, `pays_libelle`) VALUES
(1, 'Cote d\'Ivoire'),
(2, 'Mali'),
(3, 'Ghana');

-- --------------------------------------------------------

--
-- Structure de la table `photo`
--

CREATE TABLE `photo` (
  `photo_id` int(11) NOT NULL,
  `photo_file_name` varchar(250) NOT NULL
) ENGINE=InnoDB DEFAULT CHARSET=utf8;

--
-- Contenu de la table `photo`
--

INSERT INTO `photo` (`photo_id`, `photo_file_name`) VALUES
(3, '6db926867626e462b87f2d8c2adbd268_1127057215.png');

-- --------------------------------------------------------

--
-- Structure de la table `predication`
--

CREATE TABLE `predication` (
  `predication_id` int(11) NOT NULL,
  `predication_theme` text NOT NULL,
  `predication_date` date NOT NULL,
  `predication_hour_start` varchar(10) NOT NULL,
  `predication_hour_end` varchar(10) NOT NULL,
  `predication_nombre_participant` int(11) NOT NULL,
  `programme_id` int(11) NOT NULL
) ENGINE=InnoDB DEFAULT CHARSET=utf8;

-- --------------------------------------------------------

--
-- Structure de la table `programme`
--

CREATE TABLE `programme` (
  `programme_id` int(11) NOT NULL,
  `programme_libelle` varchar(150) NOT NULL,
  `programme_theme` text NOT NULL,
  `programme_date_start` date NOT NULL,
  `programme_date_end` date NOT NULL,
  `programme_lieu` varchar(150) NOT NULL,
  `programme_montant_participation` double NOT NULL,
  `programme_created_at` datetime NOT NULL
) ENGINE=InnoDB DEFAULT CHARSET=utf8;

--
-- Contenu de la table `programme`
--

INSERT INTO `programme` (`programme_id`, `programme_libelle`, `programme_theme`, `programme_date_start`, `programme_date_end`, `programme_lieu`, `programme_montant_participation`, `programme_created_at`) VALUES
(3, 'Grâce Divine', 'A la recherche du salut', '2016-10-21', '2016-10-11', 'Yamoussokro', 6000, '2017-01-05 06:55:40'),
(7, 'Pour la gloire de Dieu', 'GOD BLESS YOU!', '2016-10-21', '2016-10-11', 'BONOUA', 4500, '2017-01-05 06:55:18'),
(8, 'Montage de Sion', 'Que la lumière soit!', '2017-07-20', '2017-08-08', 'Kofficro', 3500, '2017-01-14 18:34:30'),
(9, 'GESTION DES MALADES', 'GUERRISON', '2017-02-12', '2018-02-12', 'ZOE MINISTRIE', 1000, '2017-02-12 12:30:41'),
(14, 'Nouveau Programme', 'VERY VERY NICE!!!', '2017-03-14', '2017-03-14', 'gozijg', 3000, '2017-03-14 21:53:55');

-- --------------------------------------------------------

--
-- Structure de la table `programme_adherant`
--

CREATE TABLE `programme_adherant` (
  `programme_id` int(11) NOT NULL,
  `adherant_id` int(11) NOT NULL
) ENGINE=InnoDB DEFAULT CHARSET=utf8;

--
-- Contenu de la table `programme_adherant`
--

INSERT INTO `programme_adherant` (`programme_id`, `adherant_id`) VALUES
(3, 2534),
(3, 2536),
(7, 2535),
(8, 2537),
(8, 2538),
(8, 2539),
(8, 2540),
(8, 2541),
(8, 2542),
(8, 2543),
(8, 2544),
(8, 2545),
(8, 2546),
(8, 2547),
(8, 2548),
(8, 2549),
(9, 2512),
(9, 2514),
(14, 2277),
(14, 2298),
(14, 2394),
(14, 2516),
(14, 2517),
(14, 2518),
(14, 2520),
(14, 2526);

-- --------------------------------------------------------

--
-- Structure de la table `role`
--

CREATE TABLE `role` (
  `role_id` int(11) NOT NULL,
  `role_libelle` varchar(150) NOT NULL
) ENGINE=InnoDB DEFAULT CHARSET=latin1;

--
-- Contenu de la table `role`
--

INSERT INTO `role` (`role_id`, `role_libelle`) VALUES
(1, 'Admin'),
(2, 'Secretaire'),
(3, 'Boss');

-- --------------------------------------------------------

--
-- Structure de la table `salle`
--

CREATE TABLE `salle` (
  `salle_id` int(11) NOT NULL,
  `salle_libelle` varchar(150) NOT NULL,
  `salle_max_personne` int(11) NOT NULL,
  `batiment_id` int(11) NOT NULL
) ENGINE=InnoDB DEFAULT CHARSET=utf8;

--
-- Contenu de la table `salle`
--

INSERT INTO `salle` (`salle_id`, `salle_libelle`, `salle_max_personne`, `batiment_id`) VALUES
(15, 'SALLE DANS LE BATIMENT B', 3, 6),
(18, 'SALLE DANS BATIMENT A', 4, 5);

-- --------------------------------------------------------

--
-- Structure de la table `semaine`
--

CREATE TABLE `semaine` (
  `semaine_id` int(11) NOT NULL,
  `semaine_libelle` varchar(150) NOT NULL,
  `semaine_date_range` varchar(150) NOT NULL,
  `semaine_lundi` int(11) DEFAULT NULL,
  `semaine_mardi` int(11) DEFAULT NULL,
  `semaine_mercredi` int(11) DEFAULT NULL,
  `semaine_jeudi` int(11) DEFAULT NULL,
  `semaine_vendredi` int(11) DEFAULT NULL,
  `adherant_id` int(11) DEFAULT NULL,
  `programme_id` int(11) NOT NULL
) ENGINE=InnoDB DEFAULT CHARSET=utf8;

--
-- Contenu de la table `semaine`
--

INSERT INTO `semaine` (`semaine_id`, `semaine_libelle`, `semaine_date_range`, `semaine_lundi`, `semaine_mardi`, `semaine_mercredi`, `semaine_jeudi`, `semaine_vendredi`, `adherant_id`, `programme_id`) VALUES
(5, '3ème Semaine', '15/01/2017 - 15/01/2017', NULL, NULL, NULL, NULL, NULL, NULL, 8),
(6, '2ème Semaine', '15/01/2017 - 15/01/2017', NULL, NULL, NULL, NULL, NULL, NULL, 8),
(7, '1ère Semaine', '15/01/2017 - 15/01/2017', NULL, NULL, NULL, NULL, NULL, NULL, 3);

-- --------------------------------------------------------

--
-- Structure de la table `situation_matrimoniale`
--

CREATE TABLE `situation_matrimoniale` (
  `situation_matrimoniale_id` int(11) NOT NULL,
  `situation_matrimoniale_libelle` varchar(150) NOT NULL
) ENGINE=InnoDB DEFAULT CHARSET=utf8;

--
-- Contenu de la table `situation_matrimoniale`
--

INSERT INTO `situation_matrimoniale` (`situation_matrimoniale_id`, `situation_matrimoniale_libelle`) VALUES
(1, 'Celibataire'),
(2, 'Marié(e)'),
(3, 'Concubinage');

-- --------------------------------------------------------

--
-- Structure de la table `sms`
--

CREATE TABLE `sms` (
  `sms_id` int(11) NOT NULL,
  `sms_numbers_count` int(11) DEFAULT NULL,
  `sms_sending_state` varchar(150) DEFAULT NULL,
  `sms_body` text,
  `sms_sent_datetime` datetime DEFAULT NULL
) ENGINE=InnoDB DEFAULT CHARSET=utf8;

--
-- Contenu de la table `sms`
--

INSERT INTO `sms` (`sms_id`, `sms_numbers_count`, `sms_sending_state`, `sms_body`, `sms_sent_datetime`) VALUES
(1, 1, '1 / 1 envoyé', 'Bonjour', '2017-01-10 21:52:23');

-- --------------------------------------------------------

--
-- Structure de la table `traitement`
--

CREATE TABLE `traitement` (
  `traitement_id` int(11) NOT NULL,
  `traitement_libelle` varchar(150) NOT NULL,
  `traitement_point_priere` text NOT NULL,
  `traitement_date_start` date NOT NULL,
  `traitement_date_end` date NOT NULL,
  `traitement_next_rendez_vous` date NOT NULL,
  `traitement_ordonnance` text NOT NULL,
  `traitement_deliberation_final` text NOT NULL,
  `article_id` int(11) DEFAULT NULL,
  `malade_id` int(11) NOT NULL
) ENGINE=InnoDB DEFAULT CHARSET=utf8;

--
-- Contenu de la table `traitement`
--

INSERT INTO `traitement` (`traitement_id`, `traitement_libelle`, `traitement_point_priere`, `traitement_date_start`, `traitement_date_end`, `traitement_next_rendez_vous`, `traitement_ordonnance`, `traitement_deliberation_final`, `article_id`, `malade_id`) VALUES
(6, 'First traitement', 'Intersession tous les jours!', '2017-01-15', '2017-01-15', '2017-01-15', '', 'Patient guérris définitivement!', 1, 6);

-- --------------------------------------------------------

--
-- Structure de la table `user`
--

CREATE TABLE `user` (
  `user_id` int(11) NOT NULL,
  `user_username` varchar(50) NOT NULL,
  `user_password` varchar(50) NOT NULL,
  `role_id` int(11) NOT NULL
) ENGINE=InnoDB DEFAULT CHARSET=latin1;

--
-- Contenu de la table `user`
--

INSERT INTO `user` (`user_id`, `user_username`, `user_password`, `role_id`) VALUES
(1, 'superadmin', 'superadmin', 1),
(2, 'Dirigeant', 'boss', 3),
(3, 'secretaire', 'secretaire', 2);

-- --------------------------------------------------------

--
-- Structure de la table `ville`
--

CREATE TABLE `ville` (
  `ville_id` int(11) NOT NULL,
  `ville_libelle` varchar(150) NOT NULL,
  `pays_id` int(11) NOT NULL
) ENGINE=InnoDB DEFAULT CHARSET=utf8;

--
-- Contenu de la table `ville`
--

INSERT INTO `ville` (`ville_id`, `ville_libelle`, `pays_id`) VALUES
(1, 'Abidjan', 1);

--
-- Index pour les tables exportées
--

--
-- Index pour la table `adherant`
--
ALTER TABLE `adherant`
  ADD PRIMARY KEY (`adherant_id`),
  ADD KEY `pays_id` (`commune_id`,`photo_id`),
  ADD KEY `photo_id` (`photo_id`),
  ADD KEY `adherant_matrimoniale_id` (`situation_matrimoniale_id`),
  ADD KEY `salle_id` (`salle_id`);

--
-- Index pour la table `article`
--
ALTER TABLE `article`
  ADD PRIMARY KEY (`article_id`),
  ADD KEY `article_type_id` (`article_type_id`),
  ADD KEY `package_id` (`package_id`),
  ADD KEY `traitement_id` (`traitement_id`);

--
-- Index pour la table `article_photo`
--
ALTER TABLE `article_photo`
  ADD PRIMARY KEY (`article_id`,`photo_id`),
  ADD KEY `photo_id` (`photo_id`);

--
-- Index pour la table `article_type`
--
ALTER TABLE `article_type`
  ADD PRIMARY KEY (`article_type_id`);

--
-- Index pour la table `batiment`
--
ALTER TABLE `batiment`
  ADD PRIMARY KEY (`batiment_id`),
  ADD KEY `programme_id` (`programme_id`);

--
-- Index pour la table `commune`
--
ALTER TABLE `commune`
  ADD PRIMARY KEY (`commune_id`),
  ADD KEY `ville_id` (`ville_id`);

--
-- Index pour la table `famille`
--
ALTER TABLE `famille`
  ADD PRIMARY KEY (`famille_id`);

--
-- Index pour la table `malade`
--
ALTER TABLE `malade`
  ADD PRIMARY KEY (`malade_id`),
  ADD KEY `adherant_id` (`adherant_id`);

--
-- Index pour la table `materiel`
--
ALTER TABLE `materiel`
  ADD PRIMARY KEY (`materiel_id`),
  ADD KEY `programme_id` (`programme_id`);

--
-- Index pour la table `materiel_photo`
--
ALTER TABLE `materiel_photo`
  ADD PRIMARY KEY (`materiel_id`,`photo_id`),
  ADD KEY `photo_id` (`photo_id`);

--
-- Index pour la table `meditation`
--
ALTER TABLE `meditation`
  ADD PRIMARY KEY (`meditation_id`),
  ADD KEY `programme_id` (`semaine_id`);

--
-- Index pour la table `meditation_adherant`
--
ALTER TABLE `meditation_adherant`
  ADD PRIMARY KEY (`meditation_id`,`adherant_id`);

--
-- Index pour la table `package`
--
ALTER TABLE `package`
  ADD PRIMARY KEY (`package_id`),
  ADD KEY `programme_id` (`programme_id`);

--
-- Index pour la table `pays`
--
ALTER TABLE `pays`
  ADD PRIMARY KEY (`pays_id`);

--
-- Index pour la table `photo`
--
ALTER TABLE `photo`
  ADD PRIMARY KEY (`photo_id`);

--
-- Index pour la table `predication`
--
ALTER TABLE `predication`
  ADD PRIMARY KEY (`predication_id`),
  ADD KEY `programme_id` (`programme_id`);

--
-- Index pour la table `programme`
--
ALTER TABLE `programme`
  ADD PRIMARY KEY (`programme_id`);

--
-- Index pour la table `programme_adherant`
--
ALTER TABLE `programme_adherant`
  ADD PRIMARY KEY (`programme_id`,`adherant_id`);

--
-- Index pour la table `role`
--
ALTER TABLE `role`
  ADD PRIMARY KEY (`role_id`);

--
-- Index pour la table `salle`
--
ALTER TABLE `salle`
  ADD PRIMARY KEY (`salle_id`),
  ADD KEY `batiment_id` (`batiment_id`);

--
-- Index pour la table `semaine`
--
ALTER TABLE `semaine`
  ADD PRIMARY KEY (`semaine_id`);

--
-- Index pour la table `situation_matrimoniale`
--
ALTER TABLE `situation_matrimoniale`
  ADD PRIMARY KEY (`situation_matrimoniale_id`);

--
-- Index pour la table `sms`
--
ALTER TABLE `sms`
  ADD PRIMARY KEY (`sms_id`);

--
-- Index pour la table `traitement`
--
ALTER TABLE `traitement`
  ADD PRIMARY KEY (`traitement_id`),
  ADD KEY `maladie_id` (`malade_id`),
  ADD KEY `article_id` (`article_id`);

--
-- Index pour la table `user`
--
ALTER TABLE `user`
  ADD PRIMARY KEY (`user_id`);

--
-- Index pour la table `ville`
--
ALTER TABLE `ville`
  ADD PRIMARY KEY (`ville_id`),
  ADD KEY `pays_id` (`pays_id`);

--
-- AUTO_INCREMENT pour les tables exportées
--

--
-- AUTO_INCREMENT pour la table `adherant`
--
ALTER TABLE `adherant`
  MODIFY `adherant_id` int(11) NOT NULL AUTO_INCREMENT, AUTO_INCREMENT=2538;
--
-- AUTO_INCREMENT pour la table `article`
--
ALTER TABLE `article`
  MODIFY `article_id` int(11) NOT NULL AUTO_INCREMENT, AUTO_INCREMENT=3;
--
-- AUTO_INCREMENT pour la table `article_type`
--
ALTER TABLE `article_type`
  MODIFY `article_type_id` int(11) NOT NULL AUTO_INCREMENT, AUTO_INCREMENT=4;
--
-- AUTO_INCREMENT pour la table `batiment`
--
ALTER TABLE `batiment`
  MODIFY `batiment_id` int(11) NOT NULL AUTO_INCREMENT, AUTO_INCREMENT=7;
--
-- AUTO_INCREMENT pour la table `commune`
--
ALTER TABLE `commune`
  MODIFY `commune_id` int(11) NOT NULL AUTO_INCREMENT, AUTO_INCREMENT=2;
--
-- AUTO_INCREMENT pour la table `famille`
--
ALTER TABLE `famille`
  MODIFY `famille_id` int(11) NOT NULL AUTO_INCREMENT, AUTO_INCREMENT=9;
--
-- AUTO_INCREMENT pour la table `malade`
--
ALTER TABLE `malade`
  MODIFY `malade_id` int(11) NOT NULL AUTO_INCREMENT, AUTO_INCREMENT=7;
--
-- AUTO_INCREMENT pour la table `materiel`
--
ALTER TABLE `materiel`
  MODIFY `materiel_id` int(11) NOT NULL AUTO_INCREMENT, AUTO_INCREMENT=9;
--
-- AUTO_INCREMENT pour la table `meditation`
--
ALTER TABLE `meditation`
  MODIFY `meditation_id` int(11) NOT NULL AUTO_INCREMENT, AUTO_INCREMENT=9;
--
-- AUTO_INCREMENT pour la table `package`
--
ALTER TABLE `package`
  MODIFY `package_id` int(11) NOT NULL AUTO_INCREMENT, AUTO_INCREMENT=15;
--
-- AUTO_INCREMENT pour la table `pays`
--
ALTER TABLE `pays`
  MODIFY `pays_id` int(11) NOT NULL AUTO_INCREMENT, AUTO_INCREMENT=4;
--
-- AUTO_INCREMENT pour la table `programme`
--
ALTER TABLE `programme`
  MODIFY `programme_id` int(11) NOT NULL AUTO_INCREMENT, AUTO_INCREMENT=15;
--
-- AUTO_INCREMENT pour la table `role`
--
ALTER TABLE `role`
  MODIFY `role_id` int(11) NOT NULL AUTO_INCREMENT, AUTO_INCREMENT=4;
--
-- AUTO_INCREMENT pour la table `salle`
--
ALTER TABLE `salle`
  MODIFY `salle_id` int(11) NOT NULL AUTO_INCREMENT, AUTO_INCREMENT=19;
--
-- AUTO_INCREMENT pour la table `semaine`
--
ALTER TABLE `semaine`
  MODIFY `semaine_id` int(11) NOT NULL AUTO_INCREMENT, AUTO_INCREMENT=8;
--
-- AUTO_INCREMENT pour la table `situation_matrimoniale`
--
ALTER TABLE `situation_matrimoniale`
  MODIFY `situation_matrimoniale_id` int(11) NOT NULL AUTO_INCREMENT, AUTO_INCREMENT=4;
--
-- AUTO_INCREMENT pour la table `sms`
--
ALTER TABLE `sms`
  MODIFY `sms_id` int(11) NOT NULL AUTO_INCREMENT, AUTO_INCREMENT=2;
--
-- AUTO_INCREMENT pour la table `traitement`
--
ALTER TABLE `traitement`
  MODIFY `traitement_id` int(11) NOT NULL AUTO_INCREMENT, AUTO_INCREMENT=7;
--
-- AUTO_INCREMENT pour la table `user`
--
ALTER TABLE `user`
  MODIFY `user_id` int(11) NOT NULL AUTO_INCREMENT, AUTO_INCREMENT=4;
--
-- AUTO_INCREMENT pour la table `ville`
--
ALTER TABLE `ville`
  MODIFY `ville_id` int(11) NOT NULL AUTO_INCREMENT, AUTO_INCREMENT=2;
--
-- Contraintes pour les tables exportées
--

--
-- Contraintes pour la table `adherant`
--
ALTER TABLE `adherant`
  ADD CONSTRAINT `adherant_ibfk_1` FOREIGN KEY (`photo_id`) REFERENCES `photo` (`photo_id`) ON DELETE CASCADE ON UPDATE CASCADE,
  ADD CONSTRAINT `adherant_ibfk_2` FOREIGN KEY (`commune_id`) REFERENCES `commune` (`commune_id`) ON DELETE CASCADE ON UPDATE CASCADE,
  ADD CONSTRAINT `adherant_ibfk_3` FOREIGN KEY (`situation_matrimoniale_id`) REFERENCES `situation_matrimoniale` (`situation_matrimoniale_id`) ON DELETE CASCADE ON UPDATE CASCADE;

--
-- Contraintes pour la table `commune`
--
ALTER TABLE `commune`
  ADD CONSTRAINT `commune_ibfk_1` FOREIGN KEY (`ville_id`) REFERENCES `ville` (`ville_id`) ON DELETE CASCADE ON UPDATE CASCADE;

--
-- Contraintes pour la table `materiel`
--
ALTER TABLE `materiel`
  ADD CONSTRAINT `materiel_ibfk_1` FOREIGN KEY (`programme_id`) REFERENCES `programme` (`programme_id`);

--
-- Contraintes pour la table `package`
--
ALTER TABLE `package`
  ADD CONSTRAINT `package_ibfk_1` FOREIGN KEY (`programme_id`) REFERENCES `programme` (`programme_id`);

--
-- Contraintes pour la table `predication`
--
ALTER TABLE `predication`
  ADD CONSTRAINT `predication_ibfk_1` FOREIGN KEY (`programme_id`) REFERENCES `programme` (`programme_id`);

--
-- Contraintes pour la table `ville`
--
ALTER TABLE `ville`
  ADD CONSTRAINT `ville_ibfk_1` FOREIGN KEY (`pays_id`) REFERENCES `pays` (`pays_id`) ON DELETE CASCADE ON UPDATE CASCADE;

/*!40101 SET CHARACTER_SET_CLIENT=@OLD_CHARACTER_SET_CLIENT */;
/*!40101 SET CHARACTER_SET_RESULTS=@OLD_CHARACTER_SET_RESULTS */;
/*!40101 SET COLLATION_CONNECTION=@OLD_COLLATION_CONNECTION */;
